{
    "gini_dict": {
        "likes": 0.02620267381065734,
        "neutral": 0.03979060538557451,
        "dislikes": 0.057452532928637515,
        "total": 0.008948700700185162
    }
}